text,location
China going carbon neutral by 2060 will lower globalwarming projections by as much as 03C Thats the biggest single reduction ever estimated as the result of a policy change according to Climate Action Tracker climate,Toronto
Trump protocol for Global warming Endless fires in California Yet Trump says its due to poor Forest management So Keep the land clean sweep off leaves Clean up all debris Take care of fallen trees and hope for Early Winter Climate Change is fake,"London, Ontario"
Climate Change is as soft a term as they come And people cant even stomach that Global Warming is the original description So get real people Im not an activist on it but I can call a spade a spade Pretty sure Gore was ahead of this climate weather BCStorm,"Vancouver, BC"
Climate Change ClimateChange Science History Global Warming GlobalWarming Earth How Earths Climate Changes Naturally and Why Things Are Different Now via QuantaMagazine,"Vancouver, British Columbia"
An opportunity to decarbonize Perhaps a postpandemic economy can serve us all better from CTVNews climate change economy global warming,Toronto
The New York Times Americans positions on climate change have remained largely unshaken by the coronavirus pandemic and economic crisis according to a new national survey that showed acceptance of the reality of global warming at record highs in s,"Waterloo, Ontario, Canada"
Our choice comes down to this grounded reformation or global devastation We can continue to plunder this planet and each other or we can make our way to reformation warming environment change climate,Surrey
Areas with outbreaks may have to take aggressive actions to reduce their pollution for example by closing down polluting plants immediately also for the sake of global warmingremember that health environment climate change Earth pandemic,Saskatoon
In India coastal women who have long dived for a harvest are now battling globalwarming driven changes to keep their profession alive l womensrights climate,"London, Ontario"
World can avoid catastrophic global warming with Climate solutions in hand todaystudy There is no single solution to combat climate change From climatefriendly diets and improved education to electric vehicles and,"Vancouver, British Columbia"
WBrettWilson nationalpost The basic assumption on which the entire theory that human activity is causing global warming or climate change is wrongIn every record of temperature amp CO2 the temp changes firstTim BallClimate,"Calgary, AB"
In 1994 Smol and his team started talking about climate warming well before it became an issue of global preoccupation We never thought we would see this much change in our lifetime queensu ottawaeggheads,"Ottawa, Ontario"
Im guessing the argument will be that global warmingclimate change makes arsonists light firesGlobalWarming ClimateEmergency ClimateCrisis climate Carbongate ClimateDepot ClimateAudit Carbongate RossMcKitrick,"Vancouver, British Columbia"
Why act now on climate change Global warming of 4C would threaten up to 85 of the worlds winegrowing regions not to mention a whole lot else climate wine France Germany Australia NewZealand California Italy Spain,Saskatoon
Tim Ball Evidence Proves That CO2 Is Not A Greenhouse Gas The basic assumption on which the entire theory that human activity is causing global warming or climate change is wrongIn every record of temperature amp CO2 the temp changes firstclimate,"Calgary, AB"
klimaatVeranda climatehysteria debunked1 is not warming and if it were it wouldnt matter2 human contribution to global warming uncertain 03993 increased CO2 is GOOD for planet not bad4 whatever economyruining measures leftists invent it wont change climate,"Vancouver, British Columbia"
Global warming climate change the devastating loss of biodiversity are the greatest threats that humanity has ever faced and one largely of our own creation says Britains Prince Charles at wef in Davos climate,"London, Ontario"
Climate Change Conservation Science Global Warming Activism,"Vancouver, British Columbia"
HaveWeAllGoneM1 Damn that global warmingClimate changes FACT That it is MM not Fact That we should pay LUNACY Mancaused Global Warmingbiggest hoax of last years,"Alberta, Canada"
Go Live with Climate Change WebinarMeetings International is organizing Webinar on Climate Change and Global Warming will be hosted on December 14 2020 at 1000 AM GM1Join us for an hour of insights from expertsClimateChangeWebinar GlobalWarmingWebinar,"Calgary, AB"
curving CO2climate changecoping with global warmingSmart phone charger with solar panel is setting on the ground I wanna curving CO2 as possibleASLW,Barrie
How can we become stimulated to work at the peak of our ability to solve issues of climate change and global warming How can we weave sustainability into education DrTammiSinha will explore these questions at our event on the 23rd Sept UoW,Surrey
nmsaints87124 JustTheNews If there is anything that proves climate change is a lie its this from abcnews in 2008 ABCs FAKE 2008 GLOBAL WARMING SCARE said NYC would be underwater by 2015,Hamilton
People will take sides on climate change for as long as warming is not global Could my perspective help to unify criteria diegofdezsevillawordpress comJune 5 2015 Climate and Data Drinking From the Source by Diego FdezSevilla PhD Registered,Toronto
FYISkyTV SkyNews skytv Last week pontificating on global warming and climate changethis week jetting off half way around the world with a film crew when archive footage could have been usedclimate change hypocrites,Surrey
Ice sheets in Greenland and Antarctica whose melting rates are rapidly increasing have raised the global sea level by 18cm since the 1990s and are matching the Intergovernmental Panel on Climate Changes worstcase climate warming scenarios,Niagara Falls
What price would we have to pay for the emission of one tonne of CO2 to cover all costs Using a climate model to calculate the impact of additional CO2 emissions on global warming and climate change could be the answer,"Waterloo, Ontario, Canada"
SundayThoughts Climate change global warming,"Ottawa, Ontario"
Coral reefs are among the most threatened ecosystems on Earth largely due to unprecedented global warming and climate changesLearn about the measures we can take to ensure their survival in our Issues Brief IucnOcean,Barrie
RNC RNC Climate Change amp Global Warming Hurricanes and fires Science says climate change is here but the RNC refuses to believe via,Toronto
Climate change amp Global Warming via YouTube ClimateChange climate globalwarming climateconciousnetwork Contact Climate Conscious Network Website Email climateconsciousnetworkgmailcom,Toronto
A child in Gunjure is motivated to grow more than 1000 trees of different seedlings to protect a generation yet unborn against global Warming and Climate change impacts End ClimateEmergency,Victoria
Despite the pandemic support for action to curb climate change has not diminished Backing for government to do more to deal with global warming at 68 percent in May of 2018 was at the same level in 2020 according to the survey issued Monday jswatz,Manitoba
Check out A Climate for Change Global Warming Facts for Faith Based Decisions Book by Andrew Farley and Katharine Hayhoe Pdf Download climate climatechange environment nature globalwarming climatecrisis climateaction savetheplanet earth,Manitoba
Although temporary changes can help you need to reduce CO2 permanently to make a dent in global warming said Prof Piers Forster from the University of Leeds climate pandemic,Sherbrooke
The link between climate change and bigger fires is inextricable Temperatures are two to three degrees F warmer now than they wouldve been without global warming KendraWrites jswatz Protect the West and our Climate Demand CleanerCars,Prince Rupert
Climate Change and Global Warming is the biggest problem considered by millennialsWe know our prioritiesclimate ClimateCrisis GlobalWarming Sustainable RenewableEnergy ClimateChange,Saskatoon
Due to COVID19 pandemic impact only first section of IPCC report on science of global warming will be ready for Glasgow COP26 in November 2021 Other two sections climate change impacts amp ways to cut GHG emissions amp IPCC synthesis report will follow only in 2022,Prince George
The main greenhouse gas is not counted as an airpollutant because it does not appear to affect health However there are links between climate change amp global warming such as the atmospheric concentration of some pollutants in the air,Sherbrooke
3 Questions Asegun Henry on five grand thermal challenges to stem the tide of global warming Our mission here is to save humanity from extinction due to climate change says MIT professor MIT KTHresearch GretaThunberg LeoDiCaprio algore climate,Guelph
New research reveals effect of global warming on Greenland ice melt high sensitivity of the polar regions to climate change via physorgcom climate science SciChat environment,Melville
Climate JC The Role of Tropical Midlatitude and Polar CloudRadiative Changes for the Midlatitude Circulation Response to Global Warming,Levis
How to make Seedboms UDBHAVA plantation Environment climate change globalwarming,"Vancouver, BC"
Climate change is poised to thaw and undermine the soil beneath ConocoPhillips proposed Willow oil drilling project on Alaskas North Slope making its rigs and roads vulnerable to the same global warming the project will be aggravating,Montreal
nature beloved sun childrens book icemelt is normal global warming is not happening climate change is normal michaelchrichton stateoffear,Manitoba
Littleknown verifiable climate change fact 3Global warming is primarily higher nighttime lows especially in winter and near the polesClimate ClimateChange ClimateEmergency ClimateCrisis NetZero ClimateAction ClimateAngst Carbon Details,Kingston
Amerikanerne har funnet ut at det finnes fiktive kriser og s finnes det virkelige kriser Exclusive Poll Amid Covid19 Americans Dont Care About Climate Change Anymore The Global Warming Policy Forum GWPF,Sherbrooke
Exclusive Poll Amid Covid19 Americans Dont Care About Climate Change Anymore The Global Warming Policy Forum GWPF,Toronto
deserts TURNING DESERTS INTO FORESTS climate change CO2 global warming forests,Sherbrooke
Global warming and climate change made number of rainy days to decrease but the intensity of rainfall has increased in India a country depending upon monsoon for its agriculture sectorenvironment ClimateCrisis ClimateChange Monsoon2020,Sackville
Climate News Analyzing marine ecosystems from 6000 to 5000 years ago to anticipate changes caused by global warming,Meadow Lake
Global warming climate change,Saint-Jérôme
SwagataDam Due to warm weather last 10 days thats why a huge lightning and thunder developed in the clouds Climate change Global warming Mumbai rains,New Brunswick
zaninmoreira laczarus planet3dnow Thracks A world goverment is the solution against the big companys and can end injustice the climate change and Global WarmingPls vote for realDonaldTrump its like a monkey cage for testing purposes What can go wrong when you make the wrong decisions Look at WuhanVirus,Saint-Jérôme
As the world braces itself for the impact of global warming it is now more vital than ever to have an accurate detailed picture of how exactly the climate will changeclimate climatechange environment world UK savetheplanet globalwarming,New Brunswick
Climate Change ClimateChange Science History Global Warming GlobalWarming Earth How Earths Climate Changes Naturally and Why Things Are Different Now via QuantaMagazine,"Ottawa, Ontario"
Do not wait until it is too late fight climate change now We need to stop global warming The longer we wait to drive change the more it will cost in capital species extinctions and our own health ClimateChange ClimateAction climate visit,Winnipeg
Go Live with Climate Change WebinarMeetings International is organizing Webinar on Climate Change and Global Warming will be hosted on December 14 2020 at 1000 AM GM1Join us for an hour of insights from experts,Guelph
The Price tag for climate change in the US is 140B per yr This is to make the changes humanity needs to adapt to a warming world Its less than 02 of global GDP We talk about it TomRaftery SCMatSAP supplychain Sustainability climate,Levis
EnvironmentEnvironmentalImpactClimateClimateSciencePollutionGreenhouseGassesGlobalWarming Manmade global warming has a short history and a long future The natural balance of gases in the atmosphere began to change with the Industrial Revolution but in the last 50,Guelph
GAO report Trump admin underestimated damages by GreenHouse emissions enabling the govt to justify costs of repealing or weakening climate change regsHarm that global warming will cause estimated to be 7 times lower than previous federal estimates,Montreal
Growing up in the 70s they used to shit us up with the ice age that was coming Then in the 80s we were all going to die in flames with global warming Sadly that didnt happen so we renamed it climate change Which is great because now we wont have to keep changing itClimate,Saskatoon
Deep Indian Ocean temperature data shows warming in deeper layers in addition to the existent concern of surface warming paving the way to visible changes in Monsoon patterns and climate anomalies on a global scaleVisualPersist,Moncton
It has been raining since morning in Dehradun It gives a pleasant relief here but if the rain stops heat and humidity starts again 45 decades ago even fan were never required here but today cannot live without AC Is it the effect of Climate change or GlobalWarming,Québec City
Deep Indian Ocean temperature data shows warming in deeper layers in addition to the existent concern of surface warming paving the way to visible changes in Monsoon patterns and climate anomalies on a global scale,Cumberland
What is all this hype about Global Warming Is it even realRead more about climate change Link in bio climatechange environment nature globalwarming sustainability savetheplanet climate,Saint-Jérôme
All things being equal ie no change in climate change policy physical risks would be greatly increased as global emissions keep rising until 2080 leading to more than 3C of warming wiping out 25 of GDP Physical risksclimate related conflict migration extreme weather,Moncton
science The 11TH HOUR FOR THE EARTH climate change climatechange global warming,Barrie
Reuters While we urge govt officials to pass legislation to curb global warming and climate change why not adopt a healthy vegan diet to drastically our impactclimate SouthPole diet ItsTheDiet GoVegan vegan ShareThePlanet,Kelowna
Newsweek climate ClimateChange GlobalWarming Did people really believe that by rightwing govt officials in US Russia Brazil Turkey Philippines and elsewhere outlawing the words GLOBAL WARMING and CLIMATE CHANGE it would make it not be soReally,Cumberland
Three fossil fuel entities violated Minnesotas Consumer Fraud Act by issuing misleading statements about global warming and engaged in a 30year campaign of climate change deception a lawsuit filed Wednesday by the states attorney general claims,Kelowna
Book the must read book on Climate Global WarmingAlarmists Skeptics and Deniers A Geoscientist Looks at the Science of Climate Change climate ClimateAction ClimateActionNow ClimateEmergency ClimateChange,Prince George
New research by scientists at the University of Reginas Institute of Environmental Change and Society shows that global warming is increasing levels of toxic algae detrimental to human health climate,Prince Rupert
New article Solar geoengineering could cause unwanted changes in climate new modelling suggests Physics World Bid to mitigate global warming could stagnate weat Climate physics,Québec City
NEARLY HALF of Americans are affected by climate change According to Yale 69 of Americans also believe that global warming only affects plants and animals THIS IS NOT TRUE Climate change is a major threat to mankind and we must fight it Reduce Reuse Reuse again Climate,Devon
Tomorrow is WorldRefugeeDay Without ClimateAction 35 billion may be living in intolerable heat by 2070 resulting in more climate migrationClimate of Change is exploring how to boost resilience to global warmingWeWorldOnlus UniboMagazine,Victoria
Today meteorologists around the world unite to raise awareness of our planets ever warming climate The stripes shown below depict global temperature change by year ShowYourStripes MetsUnite,Hamilton
Go Live with Climate Change WebinarMeetings International is organizing Webinar on Climate Change and Global Warming will be hosted on December 14 2020 at 1000 AM GM1,Victoria
climate change The Global Warming Issue The Enemy We Cant Stop,"Vancouver, BC"
Due to global warming the potential release of methane from methane clathrate compounds buried in the seafloor into the atmosphere may cause a runaway greenhouse effect a tipping point in climate change Make a difference with E2C renewableenergy,Winnipeg
Humanity total failure to fight global warming caving in to Big Oil Since 1990 and first IPCC report to fight climate change global emissions of c02 from energy and industry have risen by 62 pumping another 870 billion tonnes of c02 into atmosphere,Montreal
ATomalty cathmckenna gmbutts JustinTrudeau CBCNews good question its all about the money climate change global warming,Hamilton
For our society to thrive we must save and protect our environment planting trees is one of the many environmental issues affecting our country Major environmental problems OverpopulationDeforestationClimate changeGlobal warming,Halifax
Crop Life International gt How Climate Change is Powering Global PestsJune 4 2020 climatechange agrobiodiversity plantbreeding plantpathology IPM climate warming biotechnology food foodsecurity agriculture IYPH2020 Genetics,Richmond Hill
An interactive online platform designed to help policy makers and businesses understand climate scenarios and better assess the threat of global warming Weblink to SENSES platform climate change environment awareness WorldEnvironmentDay2020,Victoria
An opportunity to decarbonize Perhaps a postpandemic economy can serve us all better from CTVNews climate change economy global warming,Toronto
Year 20192020 will be crucial for global warming and climate change researchers as lockdown will serve some new exciting dataman vs nature,Brampton
OPINION Complex climate change negotiations have to include the countries and people most affected by global warming and that cannot be done online writes UNUEHS scientist soekreft COP26 COVID19,Richmond Hill
We are about to but still havent hit that 15deg mark and the world is facing frequent weather amp climate extremes Shown below is long term Global temp change Imperative to limit the warming ClimateCrisis ClimateAction ClimateChange,Kelowna
New research out of YaleClimateComm on Climate Change amp the American Mind2 in 3 Americans feel a personal sense of responsibility to help reduce global warming47 perceive a norm in which their friends amp family expect them to take action climate,Halifax
New Podcast What If I Paid You A Million Dollars on Spreaker change climate climatechange cooling earth global reality science sunspot theories warming,Toronto
Could coronavirus change how we tackle the climate crisis Global Warming coronavirus change climate coronavirus crisis global tackle warming,Toronto
The New York Times Americans positions on climate change have remained largely unshaken by the coronavirus pandemic and economic crisis according to a new national survey that showed acceptance of the reality of global warming at record highs in s,Halifax
Promote RedbubbleRedbubble logo redbubble findyourthing heatwaves climatechange planetearth globalwarming savetheplanet fantasyillustration decor apparel art Tweeted via,Victoria
Americans positions on climate change have remained largely unshaken by the coronavirus pandemic and economic crisis according to a new national survey that showed acceptance of the reality of global warming at record highs nytimes,Edmonton
Limiting global warming to 15 C would reduce the odds of initiating the most dangerous and irreversible effects of climate changeA path to ensure that is possible but not easy,St. John's
The study has found that much like humans insects will change their diet to try new things depending on where they are The discovery could have a serious impact on crops as global warming causes insects to colonise new regions climate,"Ottawa, Ontario"
WHOSEARO WHO UNinBangladesh icddrb WHOThailand WHOSriLanka WHOTimorLeste WHOMaldives WHOIndonesia Amidst the issues that our planet is dealing with namely climate change and global warming the coronavirus outbreak has proven to one of the toughest challenges for humankind Experts have interlinked the spike in the number of infections climate change treenvest,Montreal
